size,time_sec,operations
200,0.05225181579589844,8000000
400,0.17342543601989746,64000000
800,0.8496038913726807,512000000
1200,2.414121627807617,1728000000
1600,6.119694232940674,4096000000
2000,11.043857336044312,8000000000
